id,name,brand,price,size_ml,availability,review_flags,url
447,"BSP Kuta 7 am - 100ml","Bali Surfer",269000.00,100,available,identical_notes_not_verified_identity,https://qammarisparfum.id/products/bsp-kuta-7-am-100ml
449,"SAFF & CO. EXTRAIT DE PARFUM - MALEALI","Saff & Co",252000.00,30,available,,https://qammarisparfum.id/products/saff-co-extrait-de-parfum-maleali
450,"Mykonos Black Opera 15 ml",mykonos,85000.00,15,sold_out,identical_notes_not_verified_identity,https://qammarisparfum.id/products/mykonos-black-opera-15-ml
452,"Milk drops",mykonos,249000.00,50,available,,https://qammarisparfum.id/products/milk-drops
453,"9 AM Dive Homme Edp 100 Ml",Afnan,498000.00,100,available,,https://qammarisparfum.id/products/9-am-dive-homme-edp-100-ml
454,"Ahmed Rawdha By Ahmed Extrait de Parfum 50ML","Ahmed Al Maghribi",819000.00,50,sold_out,,https://qammarisparfum.id/products/ahmed-rawdha-by-ahmed-extrait-de-parfum-50ml
455,"Khadlaj Shiyaaka Silver Edp 100 Ml",Khadlaj,328000.00,100,available,,https://qammarisparfum.id/products/khadlaj-shiyaaka-silver-edp-100-ml
456,"Just Aswad Edp 100 Ml","Frag. World",299000.00,100,available,,https://qammarisparfum.id/products/just-aswad-edp-100-ml
457,"Armaf Tag Donna Colorata EDP 100 ml",Armaf,429000.00,100,available,,https://qammarisparfum.id/products/armaf-tag-donna-colorata-edp-100-ml
458,"Rue broca One time blue edp 100ml","Rue Broca By Afnan",298000.00,100,sold_out,,https://qammarisparfum.id/products/rue-broca-one-time-blue-edp-100ml
459,"Crusita Black Love 50 ML",cruisita,198000.00,50,available,,https://qammarisparfum.id/products/crusita-black-love-50-ml
460,"Des Tentations flame Extrait","Frag. World",299000.00,100,available,,https://qammarisparfum.id/products/des-tentations-flame-extrait
461,"Mykonos Tea Poetry 15 ml",mykonos,85000.00,15,available,,https://qammarisparfum.id/products/mykonos-tea-poetry-15-ml
462,"Khadlaj Caffe Latte Extrait de Parfum 100 Ml",Khadlaj,269000.00,100,sold_out,,https://qammarisparfum.id/products/khadlaj-caffe-latte-extrait-de-parfum-100-ml
463,"Project 1945 Vanilla Floresia Hair & Body Mist",Project1945,145000.00,150,available,placeholder_notes,https://qammarisparfum.id/products/project-1945-vanilla-floresia-hair-body-mist
464,"Zimaya Daiman Eden Edp 100ml","Zimaya By Afnan",389000.00,100,available,,https://qammarisparfum.id/products/zimaya-daiman-eden-edp-100ml
465,"Ahmed Al Maghribi Blush Noire Extrait de Parfum","Ahmed Al Maghribi",549000.00,75,sold_out,,https://qammarisparfum.id/products/ahmed-al-maghribi-blush-noire-extrait-de-parfum
466,"esssence de blanc edp 100ml","French Avenue",442000.00,100,available,,https://qammarisparfum.id/products/esssence-de-blanc-edp-100ml
467,"Shuhrah Pour Femme Edp 90 Ml",Rasasi,419000.00,90,sold_out,,https://qammarisparfum.id/products/shuhrah-pour-femme-edp-90-ml
468,"Charisma Pour Homme Edp 100 Ml","Zimaya By Afnan",349000.00,100,available,placeholder_notes,https://qammarisparfum.id/products/charisma-pour-homme-edp-100-ml
469,"Dicium Clarity",DICIUM,275000.00,50,available,,https://qammarisparfum.id/products/dicium-clarity
470,"Armaf Club De Nuit Maleka 105ML",Armaf,739000.00,105,available,,https://qammarisparfum.id/products/armaf-club-de-nuit-maleka-105ml
471,"Rayhaan Kiss Edp 100 Ml",Rayhaan,429000.00,100,available,,https://qammarisparfum.id/products/rayhaan-kiss-edp-100-ml
472,"Qammaris Signature Cache Extrait De Parfum 50ml","Qammaris Signature",229000.00,50,available,,https://qammarisparfum.id/products/qammaris-signature-cache-extrait-de-parfum-50ml
473,"BSP Bali Cliff 1 100 ml","Bali Surfer",264000.00,100,available,identical_notes_not_verified_identity,https://qammarisparfum.id/products/bsp-bali-cliff-1-100-ml
474,"La Rive Cute Woman EDP 100 Ml",LaRive,189000.00,100,available,,https://qammarisparfum.id/products/cube-woman-edp-100-ml
475,"9 PM Edp 100 Ml",Afnan,440000.00,100,sold_out,,https://qammarisparfum.id/products/9-pm-edp-100-ml
476,"Burgundy Most Desirable Extrait de Parfum 100 ml",Burgundy,259000.00,100,available,,https://qammarisparfum.id/products/burgundy-most-desirable-extrait-de-parfum-100-ml
478,"Armaf Odyssey Toffee Coffee 100ml",Armaf,469000.00,100,available,,https://qammarisparfum.id/products/armaf-odyssey-toffee-coffee-100ml
479,"French Avenue Royal Blend Nero Extrait De Parfum","French Avenue",549000.00,100,available,,https://qammarisparfum.id/products/french-avenue-royal-blend-nero-extrait-de-parfum
480,"SAFF & CO. EXTRAIT DE PARFUM - ILIAD","Saff & Co",255000.00,30,available,,https://qammarisparfum.id/products/saff-co-extrait-de-parfum-iliad
481,"Armaf Cdn Iconic Edp 105 Ml",Armaf,729000.00,105,available,,https://qammarisparfum.id/products/armaf-cdn-iconic-edp-105-ml
482,"Armaf Club De Nuit Iconic Body Spray 200ML",Armaf,85000.00,200,available,,https://qammarisparfum.id/products/armaf-club-de-nuit-iconic-body-spray-200ml
483,"Project 1945 Princess of Java EDP",Project1945,319000.00,100,available,,https://qammarisparfum.id/products/project-1945-princess-of-java-edp
485,"Ajmal Shadow L For Her Eau De Parfum 75 Ml",Ajmal,299000.00,75,available,,https://qammarisparfum.id/products/ajmal-shadow-l-for-her-eau-de-parfum-75-ml
486,"Ignite Fusion Edp 100 Ml",Rasasi,339000.00,100,sold_out,,https://qammarisparfum.id/products/ignite-fusion-edp-100-ml
487,"Matador Penthon",Emper,269000.00,100,sold_out,,https://qammarisparfum.id/products/matador-penthon
488,"BSP Festival Layangan 37ML","Bali Surfer",129000.00,37,sold_out,placeholder_notes|identical_notes_not_verified_identity,https://qammarisparfum.id/products/bsp-festival-layangan-37ml
489,"Hawas Tropical",Rasasi,749000.00,100,available,,https://qammarisparfum.id/products/hawas-tropical
490,"Hooked Azure Edp 100 Ml","Rue Broca By Afnan",289000.00,100,sold_out,,https://qammarisparfum.id/products/hooked-azure-edp-100-ml
491,"Al Barari Coral edp 100ml","Zimaya By Afnan",439000.00,100,available,,https://qammarisparfum.id/products/al-barari-coral-edp-100ml
492,"Armaf Club De Nuit Intense Men Body Spray 200ML",Armaf,85000.00,200,available,,https://qammarisparfum.id/products/armaf-club-de-nuit-intense-men-body-spray-200ml
493,"Ajmal Wisal Edp 50 Ml",Ajmal,459000.00,50,available,,https://qammarisparfum.id/products/ajmal-wisal-edp-50-ml
494,"Shiyaaka Shadow",Khadlaj,415000.00,100,available,,https://qammarisparfum.id/products/shiyaaka-shadow
495,"dark secret 15ml",mykonos,95000.00,15,sold_out,,https://qammarisparfum.id/products/dark-secret-15ml
496,"Milestone Alvina Pamela",Emper,298000.00,100,available,,https://qammarisparfum.id/products/milestone-alvina-pamela
497,"BSP Kuta 7 Am 37ML","Bali Surfer",129000.00,37,sold_out,identical_notes_not_verified_identity,https://qammarisparfum.id/products/bsp-kuta-7-am-37ml
498,"Rayhaan Aquatica Edp 100 Ml",Rayhaan,429000.00,100,sold_out,,https://qammarisparfum.id/products/rayhaan-aquatica-edp-100-ml
499,"Imperium X Edp 100 Ml","Frag. World",289000.00,100,sold_out,,https://qammarisparfum.id/products/imperium-x-edp-100-ml
500,"Emper Ocean Breeze",Emper,429000.00,100,available,,https://qammarisparfum.id/products/emper-ocean-breeze
501,"French Avenue Grow Extrait de Parfum 100 Ml","French Avenue",589000.00,100,available,,https://qammarisparfum.id/products/french-avenue-grow-extrait-de-parfum-100-ml
503,"Frag. World Parfum D Hommes Intense Edp 100 Ml","Frag. World",258000.00,100,available,unmapped_note,https://qammarisparfum.id/products/frag-world-parfum-d-hommes-intense-edp-100-ml
504,"Frag. World Proud Of You PARFUM Edp 100 Ml","Frag. World",272000.00,100,available,,https://qammarisparfum.id/products/frag-world-proud-of-you-parfum-edp-100-ml
505,"Sorrento 50 ml",mykonos,259000.00,50,available,identical_notes_not_verified_identity,https://qammarisparfum.id/products/sorrento-50-ml
506,"LY Club 420 Switch EDT 100ML","LY Club 420",198000.00,100,available,,https://qammarisparfum.id/products/ly-club-420-switch-edt-100ml
507,"Fakhar Black Lattafa",Lattafa,489000.00,100,available,,https://qammarisparfum.id/products/fakhar-black-lattafa
509,"Monaco Royal 15 ML",mykonos,112000.00,15,sold_out,,https://qammarisparfum.id/products/monaco-royal-15-ml
510,"Project 1945 Velvet Toraja EXT Perfume",Project1945,298000.00,100,available,,https://qammarisparfum.id/products/project-1945-velvet-toraja-ext-perfume
511,"MPF LOST IN WOODS EDP 100 ML",MPF,489000.00,100,available,,https://qammarisparfum.id/products/mpf-lost-in-woods-edp-100-ml
512,"AOERA SIGNATURE 50 ML",Aoera,180000.00,50,available,unmapped_note,https://qammarisparfum.id/products/aoera-signature-50-ml
513,"DICIUM Auralis 50ml",DICIUM,259000.00,50,available,unmapped_note,https://qammarisparfum.id/products/dicium-auralis-50ml
516,"Ahmed Oud Couture Extrait de Parfum 60ML","Ahmed Al Maghribi",369000.00,60,sold_out,,https://qammarisparfum.id/products/ahmed-oud-couture-extrait-de-parfum-60ml
517,"Frag. World John Gustav Homme Le Parfum Extrait Parfum 100 Ml","Frag. World",242000.00,100,available,,https://qammarisparfum.id/products/frag-world-john-gustav-homme-le-parfum-extrait-parfum-100-ml
518,"Dicium Thea",DICIUM,269000.00,50,available,,https://qammarisparfum.id/products/dicium-thea
519,"BSP Festival Layangan 100ML","Bali Surfer",269000.00,100,available,placeholder_notes|identical_notes_not_verified_identity,https://qammarisparfum.id/products/bsp-festival-layangan-100ml
520,"Armaf Odyssey Mandarin Sky Body Spray 200ML",Armaf,85000.00,200,sold_out,,https://qammarisparfum.id/products/armaf-odyssey-mandarin-sky-body-spray-200ml
523,"Armaf Club De Nuit Bling EDP 75ml",Armaf,749000.00,75,available,unmapped_note,https://qammarisparfum.id/products/armaf-club-de-nuit-bling-edp-75ml
524,"Armaf Club De Nuit Intense Man 105ML",Armaf,645000.00,105,sold_out,,https://qammarisparfum.id/products/armaf-club-de-nuit-intense-man-105ml
527,"Rare Reef Extrait de Parfum 100 Ml",Afnan,489000.00,100,sold_out,,https://qammarisparfum.id/products/rare-reef-extrait-de-parfum-100-ml
528,"Ahmed Al Maghribi Azure Royal Extrait de Parfum","Ahmed Al Maghribi",479000.00,100,available,unmapped_note,https://qammarisparfum.id/products/ahmed-al-maghribi-azure-royal-extrait-de-parfum
531,"Chai Crema Latte 50ml",mykonos,189000.00,50,available,unmapped_note,https://qammarisparfum.id/products/chai-crema-latte-50ml
532,"BSP Balangan and Me 100ML","Bali Surfer",269000.00,100,available,placeholder_notes|identical_notes_not_verified_identity,https://qammarisparfum.id/products/bsp-balangan-and-me-100ml
533,"Project 1945 Princess of Java Hair & Body Mist",Project1945,145000.00,150,sold_out,placeholder_notes,https://qammarisparfum.id/products/project-1945-princess-of-java-hair-body-mist
534,"Maison JW Olympus Extrait de Parfum 100 Ml","Maison JW",439000.00,100,available,,https://qammarisparfum.id/products/maison-jw-olympus-extrait-de-parfum-100-ml
536,"La Uno Intense Blue Extrait de Parfum 100 Ml","Frag. World",315000.00,100,sold_out,,https://qammarisparfum.id/products/la-uno-intense-blue-extrait-de-parfum-100-ml
537,"Style Ikon For Men Edp 100 Ml",Rasasi,289000.00,100,available,,https://qammarisparfum.id/products/style-ikon-for-men-edp-100-ml
538,"FW Des Tentations Extrait de Parfum 100 Ml (Blue)","Frag. World",299000.00,100,available,,https://qammarisparfum.id/products/fw-des-tentations-extrait-de-parfum-100-ml-blue
539,"French Avenue Ravine Ice EDP 100ml","French Avenue",595000.00,100,available,,https://qammarisparfum.id/products/french-avenue-ravine-ice-edp-100ml
540,"Rahasia Extrait GLAZED CHERI","Rahasia Fragrance",229000.00,50,sold_out,,https://qammarisparfum.id/products/rahasia-extrait-glazed-cheri
541,"frag world urban man elixir edp 90ml","Frag. World",305000.00,90,sold_out,,https://qammarisparfum.id/products/frag-world-urban-man-elixir-edp-90ml
542,"Afnan Lynked Forever edp 100ml",Afnan,819000.00,100,available,,https://qammarisparfum.id/products/afnan-lynked-forever-edp-100ml
543,"Proud Of you Amber","Frag. World",275000.00,100,available,,https://qammarisparfum.id/products/proud-of-you-amber
546,"Burgundy Valerie Extrait de Parfum 100 ml",Burgundy,259000.00,100,available,,https://qammarisparfum.id/products/burgundy-valerie-extrait-de-parfum-100-ml
547,"Conquer 100 ML",mykonos,449000.00,100,sold_out,identical_notes_not_verified_identity,https://qammarisparfum.id/products/conquer-100-ml
548,"Project 1945 Fields of Ubud Perfume",Project1945,345000.00,100,available,,https://qammarisparfum.id/products/project-1945-fields-of-ubud-perfume
549,"bavaria men intense","Frag. World",257000.00,100,available,,https://qammarisparfum.id/products/bavaria-men-intense
550,"Nexa Immortal Edp 100 Ml","Rue Broca By Afnan",349000.00,100,available,,https://qammarisparfum.id/products/nexa-immortal-edp-100-ml
551,"cafe drops",mykonos,168000.00,50,sold_out,,https://qammarisparfum.id/products/cafe-drops
552,"Crusita Es Teh Manis 50 ML",cruisita,209000.00,50,available,unmapped_note,https://qammarisparfum.id/products/crusita-es-teh-manis-50-ml
553,"Crusita Gentlemen 50 ML",cruisita,198000.00,50,available,,https://qammarisparfum.id/products/crusita-gentlemen-50-ml
554,"Frag. World Cheek For Men Edp 100ml","Frag. World",239000.00,100,available,,https://qammarisparfum.id/products/frag-world-cheek-for-men-edp-100ml
555,"crimson 100ml",mykonos,479000.00,100,sold_out,unmapped_note,https://qammarisparfum.id/products/crimson-100ml
556,"Spectre Edp 80 Ml","French Avenue",489000.00,80,sold_out,,https://qammarisparfum.id/products/spectre-edp-80-ml
557,"Armaf Oddysey Candee 100ML EDP",Armaf,474000.00,100,available,,https://qammarisparfum.id/products/armaf-oddysey-candee-100ml-edp
558,"Cash Man Edt 100 Ml",LaRive,169000.00,100,available,,https://qammarisparfum.id/products/cash-man-edt-100-ml
561,"Ahmed Al Maghribi Kaaf Noir Extrait de Parfum 100 Ml","Ahmed Al Maghribi",528000.00,100,available,,https://qammarisparfum.id/products/ahmed-al-maghribi-kaaf-noir-extrait-de-parfum-100-ml
562,"AL WATANIAH ETERNAL PERFUME 100ML - LAZULI","AL WATANIAH",629000.00,100,available,,https://qammarisparfum.id/products/al-wataniah-eternal-perfume-100ml-lazuli
563,"Ameerat Arab Pink","Ameerat Arab",369000.00,100,sold_out,,https://qammarisparfum.id/products/ameerat-arab-pink
565,"Rahasia extrait TOASTED CHERI","Rahasia Fragrance",229000.00,50,available,,https://qammarisparfum.id/products/rahasia-extrait-toasted-cheri
566,"Musk aura 15ml",mykonos,85000.00,15,available,,https://qammarisparfum.id/products/musk-aura-15ml
567,"SAFF & CO EXTRAIT DE PARFUM - KIRITHRA","Saff & Co",286000.00,35,available,unmapped_note,https://qammarisparfum.id/products/saff-co-extrait-de-parfum-kirithra
568,"BSP The Ubud 1 37ML","Bali Surfer",139000.00,37,sold_out,placeholder_notes|identical_notes_not_verified_identity,https://qammarisparfum.id/products/bsp-the-ubud-1-37ml
569,"On The Rocks 100 ML",mykonos,389000.00,100,sold_out,,https://qammarisparfum.id/products/on-the-rocks-100-ml
571,"Emper Iconic Dubai II",Emper,639000.00,100,available,unmapped_note,https://qammarisparfum.id/products/emper-iconic-dubai-ii
572,"Ahmed Al Maghribi Black Fume Extrait de Parfum","Ahmed Al Maghribi",334000.00,100,sold_out,unmapped_note,https://qammarisparfum.id/products/ahmed-al-maghribi-black-fume-extrait-de-parfum
573,"Rayhaan Pasific Aura",Rayhaan,429000.00,100,available,,https://qammarisparfum.id/products/rayhaan-pasific-aura
574,"Look Of Woman Edp 75 Ml",LaRive,169000.00,75,sold_out,,https://qammarisparfum.id/products/look-of-woman-edp-75-ml
575,"Blue Point 37ML Her","Bali Surfer",129000.00,37,sold_out,identical_notes_not_verified_identity,https://qammarisparfum.id/products/blue-point-37ml-her
577,"Sparkling rose 100ml",mykonos,278000.00,100,sold_out,,https://qammarisparfum.id/products/sparkling-rose-100ml
578,"khadlaj island extrait",Khadlaj,349000.00,100,available,,https://qammarisparfum.id/products/khadlaj-island-extrait
580,"Queen Of Life Edp 75 Ml",LaRive,169000.00,75,sold_out,,https://qammarisparfum.id/products/queen-of-life-edp-75-ml
581,"Supremacy Collectors Edition Edp 100 Ml",Afnan,698000.00,100,sold_out,,https://qammarisparfum.id/products/supremacy-collectors-edition-edp-100-ml
582,"Armaf Odyssey Tyrant Special Edition 100 ml",Armaf,396000.00,100,available,,https://qammarisparfum.id/products/armaf-odyssey-tyrant-special-edition-100-ml
584,"Aura Crisp Flower Edp 100 Ml",Khadlaj,298000.00,100,sold_out,,https://qammarisparfum.id/products/aura-crisp-flower-edp-100-ml
585,"MPF LEATHER FOR MEN EDP 100 ML",MPF,389000.00,100,available,,https://qammarisparfum.id/products/mpf-leather-for-men-edp-100-ml
586,"Hooked Pour Femme Edp 100 Ml","Rue Broca By Afnan",289000.00,100,sold_out,,https://qammarisparfum.id/products/hooked-pour-femme-edp-100-ml
587,"khadlaj island dream",Khadlaj,419000.00,100,available,,https://qammarisparfum.id/products/khadlaj-island-dream
588,"Afnan Lynked Freedom Edp 100ml",Afnan,819000.00,100,available,unmapped_note,https://qammarisparfum.id/products/afnan-lynked-freedom-edp-100ml
589,"French Avenue Vulcan Feu Edp 100 Ml","French Avenue",549000.00,100,sold_out,,https://qammarisparfum.id/products/french-avenue-vulcan-feu-edp-100-ml
590,"Myth Femme Edp 100 Ml","Tad Angel By Afnan",169000.00,100,available,,https://qammarisparfum.id/products/myth-femme-edp-100-ml
591,"French Avenue Pinnace Oryn Edp 100 Ml","French Avenue",525000.00,100,available,,https://qammarisparfum.id/products/french-avenue-pinnace-oryn-edp-100-ml
592,"Ajmal Shadow M Eau De Parfum 75 Ml",Ajmal,305000.00,75,available,,https://qammarisparfum.id/products/ajmal-shadow-m-eau-de-parfum-75-ml
593,"Ajmal Shadow Ice Eau De Parfum 75 Ml",Ajmal,449000.00,75,available,,https://qammarisparfum.id/products/ajmal-shadow-ice-eau-de-parfum-75-ml
594,"Ahmed Al Maghribi Taif Rose Extrait de Parfum 75 Ml","Ahmed Al Maghribi",598000.00,75,available,,https://qammarisparfum.id/products/ahmed-al-maghribi-taif-rose-extrait-de-parfum-75-ml
595,"Tad Angel By Afnan Oud Dose Edp 100 Ml","Tad Angel By Afnan",189000.00,100,sold_out,,https://qammarisparfum.id/products/tad-angel-by-afnan-oud-dose-edp-100-ml
596,"Emper Grandeur Green Heaven",Emper,339000.00,100,available,,https://qammarisparfum.id/products/emper-grandeur-green-heaven
597,"Armaf Club De Nuit Woman - Body Spray 200ml",Armaf,80000.00,200,available,,https://qammarisparfum.id/products/armaf-club-de-nuit-woman-body-spray-200ml
598,"Ahmed Al Maghribi Blue By Ahmed Extrait de Parfum","Ahmed Al Maghribi",389000.00,100,available,,https://qammarisparfum.id/products/ahmed-al-maghribi-blue-by-ahmed-extrait-de-parfum
599,"SAFF & CO. EXTRAIT DE PARFUM - CHNO","Saff & Co",208000.00,35,available,,https://qammarisparfum.id/products/saff-co-extrait-de-parfum-chno
600,"Ahmed Nihlah Extrait 75ml","Ahmed Al Maghribi",702000.00,75,available,,https://qammarisparfum.id/products/ahmed-nihlah-extrait-75ml
601,"Royal Ispahan 15ml",mykonos,98000.00,15,sold_out,identical_notes_not_verified_identity,https://qammarisparfum.id/products/royal-ispahan-15ml
602,"Kaaf Extrait de Parfum 100 Ml","Ahmed Al Maghribi",489000.00,100,available,,https://qammarisparfum.id/products/kaaf-extrait-de-parfum-100-ml
603,"Modhesh Aura Edp 100 Ml","Zimaya By Afnan",389000.00,100,sold_out,,https://qammarisparfum.id/products/modhesh-aura-edp-100-ml
604,"Armaf Odyssey Mandarin Sky Elixir 100ML",Armaf,498000.00,100,available,,https://qammarisparfum.id/products/armaf-odyssey-mandarin-sky-elixir-100ml
605,"Zimaya By Afnan Ode To Rose Royale Edp 100 Ml","Zimaya By Afnan",498000.00,100,available,,https://qammarisparfum.id/products/zimaya-by-afnan-ode-to-rose-royale-edp-100-ml
606,"Dicium Enigma",DICIUM,269000.00,50,available,,https://qammarisparfum.id/products/dicium-enigma
607,"Rahasia Edp 50ml Chateau De Lune","Rahasia Fragrance",158000.00,50,available,,https://qammarisparfum.id/products/rahasia-edp-50ml-chateau-de-lune
609,"SAFF & CO. EXTRAIT DE PARFUM - LOUI","Saff & Co",219000.00,35,available,,https://qammarisparfum.id/products/saff-co-extrait-de-parfum-loui
610,"Rayhaan Nocturno Elixir Edp 100 Ml",Rayhaan,449000.00,100,available,,https://qammarisparfum.id/products/rayhaan-nocturno-elixir-edp-100-ml
611,"Ahmed Musk & Roses Extrait de Parfum 75ML","Ahmed Al Maghribi",579000.00,75,sold_out,,https://qammarisparfum.id/products/ahmed-musk-roses-extrait-de-parfum-75ml
612,"DICIUM LIORA",DICIUM,259000.00,50,available,,https://qammarisparfum.id/products/dicium-liora
613,"Osma Woody W Parfum 75 Ml",Osma,679000.00,75,available,,https://qammarisparfum.id/products/osma-woody-w-parfum-75-ml
614,"Maison JW Al fajr Extrait 100ml","Maison JW",439000.00,100,sold_out,,https://qammarisparfum.id/products/maison-jw-al-fajr-extrait-100ml
615,"Ajmal Evoke Gold Edition Him Eau De Parfum 90 Ml",Ajmal,469000.00,90,available,unmapped_note,https://qammarisparfum.id/products/ajmal-evoke-gold-edition-him-eau-de-parfum-90-ml
616,"BSP Double Six 37ML","Bali Surfer",129000.00,37,sold_out,unmapped_note|placeholder_notes|identical_notes_not_verified_identity,https://qammarisparfum.id/products/bsp-double-six-37ml
617,"Conquer 50 ml",mykonos,299000.00,50,sold_out,identical_notes_not_verified_identity,https://qammarisparfum.id/products/conquer-50-ml
618,"Khadlaj Nuha Vanilla Pearl Edp 85 Mi",Khadlaj,269000.00,85,sold_out,,https://qammarisparfum.id/products/khadlaj-nuha-vanilla-pearl-edp-85-mi
619,"Crusita Scandal 50 ML",cruisita,209000.00,50,sold_out,,https://qammarisparfum.id/products/crusita-scandal-50-ml
620,"BSP Balangan and Me 37ML","Bali Surfer",129000.00,37,sold_out,placeholder_notes|identical_notes_not_verified_identity,https://qammarisparfum.id/products/bsp-balangan-and-me-37ml
621,"Rasasi Fattan Pour Femme EDP 50ml",Rasasi,269000.00,50,sold_out,,https://qammarisparfum.id/products/rasasi-fattan-pour-femme-edp-50ml
622,"Fermo Frag Emily 50ml extrait",fermo,209000.00,50,available,,https://qammarisparfum.id/products/fermo-frag-emily-50ml-extrait
624,"Mykonos Sansa 100 ml",mykonos,299000.00,100,available,,https://qammarisparfum.id/products/mykonos-sansa-100-ml
626,"Rasasi Hawas Ice",Rasasi,819000.00,100,sold_out,,https://qammarisparfum.id/products/rasasi-hawas-ice
628,"Frag. World Midori Edp 100 Ml","Frag. World",229000.00,100,available,unmapped_note,https://qammarisparfum.id/products/frag-world-midori-edp-100-ml
629,"Project 1945 Arumanis EXT Perfume",Project1945,339000.00,100,available,,https://qammarisparfum.id/products/project-1945-arumanis-ext-perfume
630,"Classic Moment For Men Edp 100 Ml",Rasasi,269000.00,100,sold_out,,https://qammarisparfum.id/products/classic-moment-for-men-edp-100-ml
632,"MPF FREEDOM INTENSE EDP 100 ML",MPF,339000.00,100,sold_out,,https://qammarisparfum.id/products/mpf-freedom-intense-edp-100-ml
633,"Afnan 9 PM Elixir Parfum Intense 100 Ml",Afnan,479000.00,100,available,,https://qammarisparfum.id/products/afnan-9-pm-elixir-parfum-intense-100-ml
634,"frag world Jacques Yves imaginari extrait de parfum 100ml","Frag. World",319000.00,100,available,,https://qammarisparfum.id/products/frag-world-jacques-yves-imaginari-extrait-de-parfum-100ml
635,"Armaf CDN Precieux 1 Extrait De Parfum 55ML",Armaf,889000.00,55,available,,https://qammarisparfum.id/products/armaf-cdn-precieux-1-extrait-de-parfum-55ml
636,"MPF SNOWBERY FOR HER EDP 100 ML",MPF,329000.00,100,sold_out,,https://qammarisparfum.id/products/mpf-snowbery-for-her-edp-100-ml
637,"BSP Surfing Club 100ML","Bali Surfer",269000.00,100,sold_out,placeholder_notes|identical_notes_not_verified_identity,https://qammarisparfum.id/products/bsp-surfing-club-100ml
638,"French avenue safari breeze","French Avenue",569000.00,100,available,,https://qammarisparfum.id/products/french-avenue-safari-breeze
640,"Rouge x Sapeyeee 50ml",mykonos,208000.00,50,available,,https://qammarisparfum.id/products/rouge-x-sapeyeee-50ml
643,"Ahmed Al Maghribi Prometheus Extrait de Parfum 100ML","Ahmed Al Maghribi",461000.00,100,available,,https://qammarisparfum.id/products/ahmed-al-maghribi-prometheus-extrait-de-parfum-100ml
644,"Zenith Deep extrait de parfum 100ml","French Avenue",569000.00,100,available,,https://qammarisparfum.id/products/zenith-deep-extrait-de-parfum-100ml
645,"Mockingjay 50ml extrait",fermo,209000.00,50,available,placeholder_notes,https://qammarisparfum.id/products/mockingjay-50ml-extrait
646,"mykonos Enchanted 100ml",mykonos,249000.00,100,sold_out,,https://qammarisparfum.id/products/mykonos-enchanted-100ml
647,"Mpf Adore The Soul Eau De Parfum",MPF,389000.00,100,available,,https://qammarisparfum.id/products/mpf-adore-the-soul-eau-de-parfum
649,"Tiramisu Caramel Edp 100 Ml","Zimaya By Afnan",379000.00,100,available,,https://qammarisparfum.id/products/tiramisu-caramel-edp-100-ml
650,"Shuhra Pour Homme",Rasasi,390000.00,90,sold_out,,https://qammarisparfum.id/products/shuhra-pour-homme
651,"Lattafa Khamrah Edp 100ml",Lattafa,579000.00,100,available,,https://qammarisparfum.id/products/lattafa-khamrah-edp-100ml
652,"Mark & victor Eu de Spice","Frag. World",239000.00,100,sold_out,,https://qammarisparfum.id/products/mark-victor-eu-de-spice
653,"FW La Uno Forever Blue Edp 100 MI","Frag. World",239000.00,100,sold_out,,https://qammarisparfum.id/products/fw-la-uno-forever-blue-edp-100-mi
654,"Khadlaj Ria Edp 100 Ml",Khadlaj,419000.00,100,available,,https://qammarisparfum.id/products/khadlaj-ria-edp-100-ml
655,"BSP Jeruk Kintamani 100 ml","Bali Surfer",343000.00,100,available,placeholder_notes|identical_notes_not_verified_identity,https://qammarisparfum.id/products/bsp-jeruk-kintamani-100-ml
656,"Zimaya By Afnan Rose Of Dreams Edp 100 Ml","Zimaya By Afnan",305000.00,100,available,,https://qammarisparfum.id/products/zimaya-by-afnan-rose-of-dreams-edp-100-ml
657,"Batu Karas 100 ML","Bali Surfer",359000.00,100,available,,https://qammarisparfum.id/products/batu-karas-100-ml
658,"Hawas Elixir Edp 100 Ml",Rasasi,799000.00,100,available,,https://qammarisparfum.id/products/hawas-elixir-edp-100-ml
659,"Ahmed Green Pearl Edp 80ml","Ahmed Al Maghribi",399000.00,80,available,,https://qammarisparfum.id/products/ahmed-green-pearl-edp-80ml
660,"GM Black Intense Red Mystique Le Parfum 100ML","georges mezotti",225000.00,100,sold_out,,https://qammarisparfum.id/products/gm-black-intense-red-mystique-le-parfum-100ml
662,"shiyaaka snow edp 100ml",Khadlaj,415000.00,100,available,,https://qammarisparfum.id/products/shiyaaka-snow-edp-100ml
663,"Project 1945 Symphony of Borobudur EDP",Project1945,339000.00,100,available,,https://qammarisparfum.id/products/project-1945-symphony-of-borobudur-edp
664,"SAFF & CO. EXTRAIT DE PARFUM - SAFF","Saff & Co",292000.00,35,sold_out,,https://qammarisparfum.id/products/saff-co-extrait-de-parfum-saff
665,"Exclusive Women Pink Edp 100 Ml","LY Club 420",149000.00,100,sold_out,,https://qammarisparfum.id/products/exclusive-women-pink-edp-100-ml
667,"35 Ml Hareem Al Sultan",Khadlaj,298000.00,35,available,,https://qammarisparfum.id/products/35-ml-hareem-al-sultan
668,"BSP Blue Point 100ML Him","Bali Surfer",269000.00,100,sold_out,identical_notes_not_verified_identity,https://qammarisparfum.id/products/bsp-blue-point-100ml-him
669,"Draco 50ml extrait",fermo,209000.00,50,available,,https://qammarisparfum.id/products/draco-50ml-extrait
670,"Hawas For Him (Men) 100 Ml",Rasasi,769000.00,100,available,,https://qammarisparfum.id/products/hawas-for-him-men-100-ml
671,"Emper Alvina Vayana",Emper,298000.00,100,available,,https://qammarisparfum.id/products/emper-alvina-vayana
672,"Armaf Tres Nuit 100 Ml",Armaf,369000.00,100,available,,https://qammarisparfum.id/products/armaf-tres-nuit-100-ml
673,"Hot Ice Black Flame Extrait de Parfum 100 ml",Burgundy,239000.00,100,available,,https://qammarisparfum.id/products/hot-ice-black-flame-extrait-de-parfum-100-ml
674,"Khadlaj Onyx Silver Edp 100 Ml",Khadlaj,429000.00,100,sold_out,,https://qammarisparfum.id/products/khadlaj-onyx-silver-edp-100-ml
676,"Afnan Supremacy Not Only Intense Extrait de Parfu 100 MI",Afnan,799000.00,100,available,,https://qammarisparfum.id/products/afnan-supremacy-not-only-intense-extrait-de-parfu-100-mi
678,"Afnan 9 AM Pour Femme Edp 100 Ml (Pink)",Afnan,498000.00,100,sold_out,,https://qammarisparfum.id/products/afnan-9-am-pour-femme-edp-100-ml-pink
679,"Zimaya By Afnan Fatima Velvet Love Extrait de Parfum 100 Ml","Zimaya By Afnan",329000.00,100,sold_out,unmapped_note,https://qammarisparfum.id/products/zimaya-by-afnan-fatima-velvet-love-extrait-de-parfum-100-ml
681,"MPF WILD DEEP EDP 115 ML",MPF,329000.00,115,available,,https://qammarisparfum.id/products/mpf-wild-deep-edp-115-ml
682,"The Ubud 3 37ML","Bali Surfer",137000.00,37,available,placeholder_notes,https://qammarisparfum.id/products/the-ubud-3-37ml
683,"mykonos senja",mykonos,179000.00,50,available,,https://qammarisparfum.id/products/mykonos-senja
685,"Armaf Odyssey Go Mango 100ML",Armaf,459000.00,100,available,,https://qammarisparfum.id/products/armaf-odyssey-go-mango-100ml
686,"Supermacy Pink Pour Femme",Afnan,479000.00,100,available,,https://qammarisparfum.id/products/supermacy-pink-pour-femme
687,"French Avenue Aromatix Platine Blanc Extrait de parfum 100 Ml","French Avenue",619000.00,100,sold_out,,https://qammarisparfum.id/products/french-avenue-aromatix-platine-blanc-extrait-de-parfum-100-ml
688,"Zimaya By Afnan Mazaaj Rhythm Edp 100 Ml","Zimaya By Afnan",398000.00,100,available,,https://qammarisparfum.id/products/zimaya-by-afnan-mazaaj-rhythm-edp-100-ml
691,"Rahasia Extrait 50ml Dreamy Matcha","Rahasia Fragrance",185000.00,50,sold_out,,https://qammarisparfum.id/products/rahasia-extrait-50ml-dreamy-matcha
692,"Ahmed Al Maghribi Frost Ice Extrait de Parfum","Ahmed Al Maghribi",358000.00,100,sold_out,,https://qammarisparfum.id/products/ahmed-al-maghribi-frost-ice-extrait-de-parfum
693,"Fragrance World Vanilla So Sweet EDP 100ML","Frag. World",279000.00,100,available,,https://qammarisparfum.id/products/fragrance-world-vanilla-so-sweet-edp-100ml
694,"Mykonos Moroccan Vanilla 15 ml",mykonos,85000.00,15,available,,https://qammarisparfum.id/products/mykonos-moroccan-vanilla-15-ml
696,"Armaf Odyssey Aoud Edition 100 ml",Armaf,396000.00,100,sold_out,,https://qammarisparfum.id/products/armaf-odyssey-aoud-edition-100-ml
697,"Historic Sahara Extrait de Parfum 100 Ml",Afnan,489000.00,100,available,,https://qammarisparfum.id/products/historic-sahara-extrait-de-parfum-100-ml
698,"Reef 33 100ml","Reef Perfume",889000.00,100,available,,https://qammarisparfum.id/products/reef-33-100ml
699,"Hooked pour homme","Rue Broca By Afnan",289000.00,100,sold_out,,https://qammarisparfum.id/products/hooked-pour-homme
700,"Youth Ikon For Men Edp 100 Ml",Rasasi,289000.00,100,available,,https://qammarisparfum.id/products/youth-ikon-for-men-edp-100-ml
701,"LR Prestige The Man Brown EDP 75ML",LaRive,169000.00,75,available,,https://qammarisparfum.id/products/lr-prestige-the-man-brown-edp-75ml
702,"BSP Jeruk Kintamani 37 ml","Bali Surfer",171000.00,37,available,placeholder_notes|identical_notes_not_verified_identity,https://qammarisparfum.id/products/bsp-jeruk-kintamani-37-ml
704,"Armaf Odyssey Aqua Body Spray 200ML",Armaf,85000.00,200,available,,https://qammarisparfum.id/products/armaf-odyssey-aqua-body-spray-200ml
705,"Pride Pour Homme Edp 100 Ml","Rue Broca By Afnan",298000.00,100,available,,https://qammarisparfum.id/products/pride-pour-homme-edp-100-ml
706,"SAFF 8 CO EXTRAIT DE PARFUM - SOFR","Saff & Co",270000.00,35,available,,https://qammarisparfum.id/products/saff-8-co-extrait-de-parfum-sofr
707,"LY Ultimate Life Blue EDT 125ML","LY Club 420",198000.00,125,available,,https://qammarisparfum.id/products/ly-ultimate-life-blue-edt-125ml
708,"CRUSITA BUSY DAY 50 ML",cruisita,198000.00,50,available,,https://qammarisparfum.id/products/crusita-busy-day-50-ml
709,"Blinders 50ml extrait",fermo,209000.00,50,available,placeholder_notes,https://qammarisparfum.id/products/blinders-50ml-extrait
710,"Osma Floral"" A Parfum 75 Ml",Osma,679000.00,75,available,,https://qammarisparfum.id/products/osma-floral-a-parfum-75-ml
712,"Dreamland 37ML","Bali Surfer",119000.00,37,available,identical_notes_not_verified_identity,https://qammarisparfum.id/products/dreamland-37ml
713,"BSP Papan Selancar Her 37ML","Bali Surfer",129000.00,37,sold_out,placeholder_notes|identical_notes_not_verified_identity,https://qammarisparfum.id/products/bsp-papan-selancar-her-37ml
714,"Frag World Aqua Pura edp 70ml","Frag. World",229000.00,70,sold_out,,https://qammarisparfum.id/products/frag-world-aqua-pura-edp-70ml
715,"Zimaya By Afnan Reverie Aqua Pour Homme Edp 100 Ml","Zimaya By Afnan",304000.00,100,available,,https://qammarisparfum.id/products/zimaya-by-afnan-reverie-aqua-pour-homme-edp-100-ml
717,"Hawas London",Rasasi,749000.00,100,available,,https://qammarisparfum.id/products/hawas-london
718,"Osma Amber S Parfum 75 Ml",Osma,679000.00,75,available,,https://qammarisparfum.id/products/osma-amber-s-parfum-75-ml
719,"Ibreez Pour Femme Edp 100 Ml",Rasasi,269000.00,100,sold_out,,https://qammarisparfum.id/products/ibreez-pour-femme-edp-100-ml
720,"Armaf Odyssey Limoni 100Ml EDP",Armaf,463000.00,100,available,,https://qammarisparfum.id/products/armaf-odyssey-limoni-100ml-edp
721,"Shuhrah Boise E Edp 90 Ml",Rasasi,382000.00,90,available,,https://qammarisparfum.id/products/shuhrah-boise-e-edp-90-ml
722,"Ahmed Al Maghribi Rose Noir Extrait de Parfum","Ahmed Al Maghribi",569000.00,75,sold_out,,https://qammarisparfum.id/products/ahmed-al-maghribi-rose-noir-extrait-de-parfum
723,"Word Prive YYY Extrait","Frag. World",259000.00,70,sold_out,,https://qammarisparfum.id/products/word-prive-yyy-extrait
724,"Vanilla Clouds 50 ml",mykonos,159000.00,50,available,,https://qammarisparfum.id/products/vanilla-clouds-50-ml
725,"SAFF & CO. EXTRAIT DE PARFUM - SOTB","Saff & Co",292000.00,35,sold_out,,https://qammarisparfum.id/products/saff-co-extrait-de-parfum-sotb
726,"French Avenue Vulcan Baei Extrait 100ml","French Avenue",487000.00,100,available,,https://qammarisparfum.id/products/french-avenue-vulcan-baei-extrait-100ml
728,"MPF VANILLA & TOBACCO EDP 100 ML",MPF,379000.00,100,available,,https://qammarisparfum.id/products/mpf-vanilla-tobacco-edp-100-ml
729,"Rayhaan Jungle Vibe Edp 100 Ml",Rayhaan,429000.00,100,available,,https://qammarisparfum.id/products/rayhaan-jungle-vibe-edp-100-ml
730,"FW La Uno Million Le Parfum Edp 100 Ml","Frag. World",239000.00,100,sold_out,,https://qammarisparfum.id/products/fw-la-uno-million-le-parfum-edp-100-ml
731,"Zimaya Daiman Eclipse edp 100ml","Zimaya By Afnan",419000.00,100,available,,https://qammarisparfum.id/products/zimaya-daiman-eclipse-edp-100ml
732,"Des Tentations Star Extrait 100ml","Frag. World",276000.00,100,available,,https://qammarisparfum.id/products/des-tentations-star-extrait-100ml
733,"French Avenue Atlantis Extrait De Parfum 100ml","French Avenue",589000.00,100,available,,https://qammarisparfum.id/products/french-avenue-atlantis-extrait-de-parfum-100ml
734,"Armaf El Cielo Pour Homme EDP 100ML",Armaf,369000.00,100,available,,https://qammarisparfum.id/products/armaf-el-cielo-pour-homme-edp-100ml
735,"Tiramisu Coco Edp 100 Ml","Zimaya By Afnan",359000.00,100,available,,https://qammarisparfum.id/products/tiramisu-coco-edp-100-ml
736,"Zimaya By Afnan Modhesh Noble Edp 100 Ml","Zimaya By Afnan",498000.00,100,sold_out,,https://qammarisparfum.id/products/zimaya-by-afnan-modhesh-noble-edp-100-ml
737,"mykonos myego 50ml",mykonos,379000.00,50,sold_out,,https://qammarisparfum.id/products/mykonos-myego-50ml
738,"Zimaya By Afnan Mazaaj infused Edp 100 Ml","Zimaya By Afnan",419000.00,100,available,,https://qammarisparfum.id/products/zimaya-by-afnan-mazaaj-infused-edp-100-ml
739,"Project 1945 Bamboe Extrait Perfume",Project1945,345000.00,100,available,,https://qammarisparfum.id/products/project-1945-bamboe-extrait-perfume
740,"Project 1945 Arunika Citrus Hair & Body Mist",Project1945,145000.00,150,available,placeholder_notes,https://qammarisparfum.id/products/project-1945-arunika-citrus-hair-body-mist
741,"SAFF & CO. EXTRAIT DE PARFUM - OSTARA","Saff & Co",252000.00,35,sold_out,,https://qammarisparfum.id/products/saff-co-extrait-de-parfum-ostara
743,"Armaf Club De Nuit Milestone Women 105 Ml",Armaf,603000.00,105,available,,https://qammarisparfum.id/products/armaf-club-de-nuit-milestone-women-105-ml
744,"Ahmed Al Maghribi Blu Oud Extrait de Parfum","Ahmed Al Maghribi",459000.00,100,available,,https://qammarisparfum.id/products/ahmed-al-maghribi-blu-oud-extrait-de-parfum
745,"Afnan Historic Olmeda Edp 100ml",Afnan,487000.00,100,available,,https://qammarisparfum.id/products/afnan-historic-olmeda-edp-100ml
747,"Frag. World Volute Pour Homme Edp 100 MI","Frag. World",339000.00,100,available,,https://qammarisparfum.id/products/frag-world-volute-pour-homme-edp-100-mi
748,"Frag. World Valentia Rome Intense Extrait de Parfum","Frag. World",329000.00,100,available,identical_notes_not_verified_identity,https://qammarisparfum.id/products/frag-world-valentia-rome-intense-extrait-de-parfum
749,"mykonos Aphrodite",mykonos,159000.00,50,sold_out,identical_notes_not_verified_identity,https://qammarisparfum.id/products/mykonos-aphrodite
751,"Charisma Pour Femme Edp 100 Ml","Zimaya By Afnan",349000.00,100,available,,https://qammarisparfum.id/products/charisma-pour-femme-edp-100-ml
752,"French Avenue Liquid Brun Limited Edition Extrait d Parfum 150 MI","French Avenue",769000.00,150,available,,https://qammarisparfum.id/products/french-avenue-liquid-brun-limited-edition-extrait-d-parfum-150-mi
754,"Fatima Pink Extrait de Parfum 100 Ml","Zimaya By Afnan",325000.00,100,available,,https://qammarisparfum.id/products/fatima-pink-extrait-de-parfum-100-ml
755,"Linn Young Her Desire L'Absolu for Women Le Parfum 100 ml","LY Club 420",219000.00,100,available,,https://qammarisparfum.id/products/linn-young-her-desire-labsolu-for-women-le-parfum-100-ml
756,"BSP Surfing Club 37ML","Bali Surfer",129000.00,37,available,placeholder_notes|identical_notes_not_verified_identity,https://qammarisparfum.id/products/bsp-surfing-club-37ml
759,"AOERA PRETTY 50 ML",Aoera,189000.00,50,sold_out,,https://qammarisparfum.id/products/aoera-pretty-50-ml
760,"Royal Ispahan 100 ML",mykonos,439000.00,100,sold_out,identical_notes_not_verified_identity,https://qammarisparfum.id/products/royal-ispahan-100-ml
761,"Zimaya By Afnan Sharaf Divine Extrait de Parfum","Zimaya By Afnan",498000.00,100,available,,https://qammarisparfum.id/products/zimaya-by-afnan-sharaf-divine-extrait-de-parfum
763,"Frag. World Kopi Luwak Edp 100 MI","Frag. World",439000.00,100,available,,https://qammarisparfum.id/products/frag-world-kopi-luwak-edp-100-mi
764,"emper Selina Pour Femme",Emper,369000.00,100,available,,https://qammarisparfum.id/products/emper-selina-pour-femme
765,"Al barari shore edp","Zimaya By Afnan",369000.00,100,sold_out,,https://qammarisparfum.id/products/al-barari-shore-edp
766,"AOERA SWEET COCONUT 50 ML",Aoera,170000.00,50,available,,https://qammarisparfum.id/products/aoera-sweet-coconut-50-ml
767,"Club de nuit intense overdose extrait de parfum 100 ml",Armaf,799000.00,100,available,unmapped_note,https://qammarisparfum.id/products/club-de-nuit-intense-overdose-extrait-de-parfum-100-ml
769,"BSP Pemburu Ombak 37ML","Bali Surfer",129000.00,37,available,placeholder_notes,https://qammarisparfum.id/products/bsp-pemburu-ombak-37ml
770,"La Fede Coveted Diamond Edp 100 Ml",Khadlaj,298000.00,100,available,,https://qammarisparfum.id/products/la-fede-coveted-diamond-edp-100-ml
771,"Osma Cotton"" C Parfum 75 Ml",Osma,679000.00,75,available,identical_notes_not_verified_identity,https://qammarisparfum.id/products/osma-cotton-c-parfum-75-ml
772,"BSP Papan Selancar Her 100ML","Bali Surfer",269000.00,100,available,placeholder_notes|identical_notes_not_verified_identity,https://qammarisparfum.id/products/bsp-papan-selancar-her-100ml
773,"Tad Angel By Afnan Magic Blossom Edp 100ml","Tad Angel By Afnan",185000.00,100,available,,https://qammarisparfum.id/products/tad-angel-by-afnan-magic-blossom-edp-100ml
774,"La Fede Aura Manga Splash Edp 100 Ml",Khadlaj,298000.00,100,available,,https://qammarisparfum.id/products/la-fede-aura-manga-splash-edp-100-ml
776,"Khadlaj Rose Couture",Khadlaj,298000.00,100,available,,https://qammarisparfum.id/products/khadlaj-rose-couture
777,"DICIUM Passion 50ml",DICIUM,259000.00,50,available,,https://qammarisparfum.id/products/dicium-passion-50ml
778,"CHK Mimo VIP Intense For Men Edt 100 MI","Frag. World",259000.00,100,available,unmapped_note,https://qammarisparfum.id/products/chk-mimo-vip-intense-for-men-edt-100-mi
779,"Frag. World F Le Parfum Extrait de Parfum 100 Ml","Frag. World",329000.00,100,available,,https://qammarisparfum.id/products/frag-world-f-le-parfum-extrait-de-parfum-100-ml
780,"Turathi Blue Edp 90 Ml",Afnan,552000.00,90,available,,https://qammarisparfum.id/products/turathi-blue-edp-90-ml
781,"Riifs Seasons Drift Edp 100ml",Riffs,598000.00,100,available,,https://qammarisparfum.id/products/riifs-seasons-drift-edp-100ml
782,"Proud of you intense Edp 100ml","Frag. World",275000.00,100,available,,https://qammarisparfum.id/products/proud-of-you-intense-edp-100ml
783,"Al Embratur Elixir Edp 100 Ml","Zimaya By Afnan",349000.00,100,sold_out,,https://qammarisparfum.id/products/al-embratur-elixir-edp-100-ml
784,"Frag. World Suave Elixir Extrait De Parfum 100 Ml","Frag. World",219000.00,100,available,,https://qammarisparfum.id/products/frag-world-suave-elixir-extrait-de-parfum-100-ml
785,"Rue Broca By Afnan Theoreme Matrix Edp 90 Ml","Rue Broca By Afnan",329000.00,90,available,,https://qammarisparfum.id/products/rue-broca-by-afnan-theoreme-matrix-edp-90-ml
787,"SAFF & CO. EXTRAIT DE PARFUM - OMNIA","Saff & Co",208000.00,30,available,,https://qammarisparfum.id/products/saff-co-extrait-de-parfum-omnia
788,"Riffs Freeze Extrait De Parfum",Riffs,598000.00,100,available,unmapped_note,https://qammarisparfum.id/products/riffs-freeze-extrait-de-parfum
790,"Rayhaan Tiger Edp 100ml",Rayhaan,378000.00,100,available,,https://qammarisparfum.id/products/rayhaan-tiger-edp-100ml
791,"French Avenue Aromatix Frostbite Extrait de Parfum","French Avenue",879000.00,100,sold_out,,https://qammarisparfum.id/products/french-avenue-aromatix-frostbite-extrait-de-parfum
792,"Khadlaj Titan Edp 100 MI",Khadlaj,389000.00,100,available,,https://qammarisparfum.id/products/khadlaj-titan-edp-100-mi
793,"DICIUM AZURE",DICIUM,259000.00,50,available,,https://qammarisparfum.id/products/dicium-azure
794,"Bali Cliff 1 37ml","Bali Surfer",129000.00,37,available,identical_notes_not_verified_identity,https://qammarisparfum.id/products/bali-cliff-1-37ml
795,"Lychee Breeze body mist 115ml",mykonos,69000.00,115,sold_out,placeholder_notes,https://qammarisparfum.id/products/lychee-breeze-body-mist-115ml
796,"Armaf Odyssey Mandarin Sky Limited Edition 100Ml",Armaf,469000.00,100,available,,https://qammarisparfum.id/products/armaf-odyssey-mandarin-sky-limited-edition-100ml
797,"MPF ARTISTRY",MPF,492000.00,100,available,,https://qammarisparfum.id/products/mpf-artistry
798,"Mpf Wicked Noir Eau De Parfum",MPF,349000.00,100,available,,https://qammarisparfum.id/products/mpf-wicked-noir-eau-de-parfum
799,"BSP Double Six 100ML","Bali Surfer",269000.00,100,sold_out,unmapped_note|placeholder_notes|identical_notes_not_verified_identity,https://qammarisparfum.id/products/bsp-double-six-100ml
801,"Osma Poudree"" F Parfum 75 Ml",Osma,679000.00,75,available,,https://qammarisparfum.id/products/osma-poudree-f-parfum-75-ml
802,"Daarej Pour Homme Edp 100 Ml",Rasasi,329000.00,100,sold_out,,https://qammarisparfum.id/products/daarej-pour-homme-edp-100-ml
805,"Rayhaan Azul Edp 100 Ml",Rayhaan,449000.00,100,available,,https://qammarisparfum.id/products/rayhaan-azul-edp-100-ml
806,"Crusita Rich Gold 50 ML",cruisita,209000.00,50,available,unmapped_note,https://qammarisparfum.id/products/crusita-rich-gold-50-ml
807,"Zimaya By Afnan Ghali Imperial Edp 100 Ml","Zimaya By Afnan",498000.00,100,available,,https://qammarisparfum.id/products/zimaya-by-afnan-ghali-imperial-edp-100-ml
808,"Project 1945 Heiress of Minahasa Perfume",Project1945,329000.00,100,available,,https://qammarisparfum.id/products/project-1945-heiress-of-minahasa-perfume
809,"Utopia 100 ML",mykonos,398000.00,100,sold_out,,https://qammarisparfum.id/products/utopia-100-ml
810,"Frag. World Golden Mirage Extrait de Parfum 100 Ml","Frag. World",349000.00,100,sold_out,unmapped_note,https://qammarisparfum.id/products/frag-world-golden-mirage-extrait-de-parfum-100-ml
812,"Osma Rose"" P Parfum 75 Ml",Osma,679000.00,75,available,identical_notes_not_verified_identity,https://qammarisparfum.id/products/osma-rose-p-parfum-75-ml
813,"Osma Citrus F Parfum 75 Ml",Osma,679000.00,75,available,,https://qammarisparfum.id/products/osma-citrus-f-parfum-75-ml
814,"BSP The Ubud 1 100ML","Bali Surfer",279000.00,100,available,placeholder_notes|identical_notes_not_verified_identity,https://qammarisparfum.id/products/bsp-the-ubud-1-100ml
815,"Ahmed Al Maghribi Kaaf Pink Extrait de Parfum 100 Ml","Ahmed Al Maghribi",539000.00,100,available,,https://qammarisparfum.id/products/ahmed-al-maghribi-kaaf-pink-extrait-de-parfum-100-ml
816,"Eclair Affair Edp 100 Ml","French Avenue",549000.00,100,available,placeholder_notes,https://qammarisparfum.id/products/eclair-affair-edp-100-ml
817,"Ajmal Raindrops L Eau De Parfum 50 Ml",Ajmal,175000.00,50,available,,https://qammarisparfum.id/products/ajmal-raindrops-l-eau-de-parfum-50-ml
818,"Linn Young Her Desire for Women EDP 100 ml","LY Club 420",219000.00,100,sold_out,,https://qammarisparfum.id/products/linn-young-her-desire-for-women-edp-100-ml
819,"Rahasia Goddess Water","Rahasia Fragrance",157000.00,50,available,,https://qammarisparfum.id/products/rahasia-goddess-water
820,"Ahmed Al Maghribi Peachy Peach Extrait de Parfum","Ahmed Al Maghribi",358000.00,100,available,,https://qammarisparfum.id/products/ahmed-al-maghribi-peachy-peach-extrait-de-parfum
821,"emper Alvina Odessa",Emper,298000.00,100,sold_out,,https://qammarisparfum.id/products/emper-alvina-odessa
822,"Armaf Odyssey Aqua Edition 100 ml",Armaf,396000.00,100,available,,https://qammarisparfum.id/products/armaf-odyssey-aqua-edition-100-ml
823,"Prestige The Man Blue Edp 75 Ml",LaRive,168000.00,75,sold_out,,https://qammarisparfum.id/products/prestige-the-man-blue-edp-75-ml
824,"Hawas Black Edp 100 Ml",Rasasi,799000.00,100,sold_out,,https://qammarisparfum.id/products/hawas-black-edp-100-ml
825,"Turathi Electric Edp 90ml",Afnan,589000.00,90,available,,https://qammarisparfum.id/products/turathi-electric-edp-90ml
826,"Khadlaj Rasayel Shagaf Edp 100 Ml",Khadlaj,298000.00,100,available,,https://qammarisparfum.id/products/khadlaj-rasayel-shagaf-edp-100-ml
827,"Pleasant Edp 100ml","Frag. World",259000.00,100,sold_out,,https://qammarisparfum.id/products/pleasant-edp-100ml
829,"Sparrow 50ml",fermo,209000.00,50,sold_out,placeholder_notes,https://qammarisparfum.id/products/sparrow-50ml
830,"Project 1945 The Great Batavia Perfume",Project1945,328000.00,100,sold_out,,https://qammarisparfum.id/products/project-1945-the-great-batavia-perfume
831,"Ramsh (Blue) Edp 100 Ml","Zimaya By Afnan",349000.00,100,sold_out,,https://qammarisparfum.id/products/ramsh-blue-edp-100-ml
832,"Royal Blend Bourbon Extrait de Parfum 100 Ml","French Avenue",549000.00,100,available,,https://qammarisparfum.id/products/royal-blend-bourbon-extrait-de-parfum-100-ml
833,"mykonos aphrodite 100ml",mykonos,319000.00,100,available,identical_notes_not_verified_identity,https://qammarisparfum.id/products/mykonos-aphrodite-100ml
834,"Rhea by Ahmed Al Maghribi","Ahmed Al Maghribi",461000.00,100,sold_out,,https://qammarisparfum.id/products/rhea-by-ahmed-al-maghribi
835,"French Avenue Royal Blend Sequoia Extrait de Parfum","French Avenue",489000.00,100,available,,https://qammarisparfum.id/products/french-avenue-royal-blend-sequoia-extrait-de-parfum
836,"9 PM Rebel Edp 100 Ml",Afnan,598000.00,100,available,unmapped_note,https://qammarisparfum.id/products/9-pm-rebel-edp-100-ml
837,"Emper Captcha 36",Emper,371000.00,100,sold_out,,https://qammarisparfum.id/products/emper-captcha-36
838,"Pivate Rose Du Liban Edp 100ml","Frag. World",380000.00,100,available,,https://qammarisparfum.id/products/pivate-rose-du-liban-edp-100ml
839,"Mykonos Satin Blanc 100 ml",mykonos,355000.00,100,available,,https://qammarisparfum.id/products/mykonos-satin-blanc-100-ml
840,"Proud Of you Absolute EDP 100ml","Frag. World",275000.00,100,sold_out,,https://qammarisparfum.id/products/proud-of-you-absolute-edp-100ml
842,"Sorrento 100 ml",mykonos,389000.00,100,available,identical_notes_not_verified_identity,https://qammarisparfum.id/products/sorrento-100-ml
843,"BSP Blue Point 100ML Her","Bali Surfer",269000.00,100,sold_out,identical_notes_not_verified_identity,https://qammarisparfum.id/products/bsp-blue-point-100ml-her
844,"French Avenue Nabatieh Extrait de Parfum 90 Ml","French Avenue",589000.00,90,available,,https://qammarisparfum.id/products/french-avenue-nabatieh-extrait-de-parfum-90-ml
845,"Turathi Brown Edp 90 Ml",Afnan,490000.00,90,available,unmapped_note,https://qammarisparfum.id/products/turathi-brown-edp-90-ml
846,"Emper Genius Event",Emper,429000.00,100,available,,https://qammarisparfum.id/products/emper-genius-event
847,"Rayhaan Elixir Edp 100 Ml",Rayhaan,369000.00,100,available,,https://qammarisparfum.id/products/rayhaan-elixir-edp-100-ml
848,"FW UR Way Intense Edp 100 Ml","Frag. World",259000.00,100,sold_out,,https://qammarisparfum.id/products/fw-ur-way-intense-edp-100-ml
849,"Khadlaj Rasayel VID Edp 100 Ml",Khadlaj,299000.00,100,available,,https://qammarisparfum.id/products/khadlaj-rasayel-vid-edp-100-ml
850,"9PM Night Out",Afnan,669000.00,100,available,unmapped_note,https://qammarisparfum.id/products/9pm-night-out
851,"LY Admiration Eternal Uomo L Assoluto For Men EDP 100ML","LY Club 420",198000.00,100,available,identical_notes_not_verified_identity,https://qammarisparfum.id/products/ly-admiration-eternal-uomo-l-assoluto-for-men-edp-100ml
852,"Sharaf Blend Extrait de Parfum 100 Ml","Zimaya By Afnan",475000.00,100,sold_out,,https://qammarisparfum.id/products/sharaf-blend-extrait-de-parfum-100-ml
853,"Supremacy In Heaven",Afnan,598000.00,100,available,,https://qammarisparfum.id/products/supremacy-in-heaven
855,"Hawas Fire For Him (Men) 100 Ml",Rasasi,799000.00,100,available,,https://qammarisparfum.id/products/hawas-fire-for-him-men-100-ml
857,"Sharaf The Club Extrait de Parfum 100 Ml","Zimaya By Afnan",469000.00,100,available,,https://qammarisparfum.id/products/sharaf-the-club-extrait-de-parfum-100-ml
858,"Armaf ODYSSEY Dubai CHOCOLAT 100ML",Armaf,474000.00,100,available,,https://qammarisparfum.id/products/armaf-odyssey-dubai-chocolat-100ml
859,"Armaf CDN Urban Man Elixir EDP 105 ML",Armaf,639000.00,105,sold_out,unmapped_note,https://qammarisparfum.id/products/armaf-cdn-urban-man-elixir-edp-105-ml
860,"Delicious Bouquet Edp 80 Ml",Afnan,578000.00,80,available,,https://qammarisparfum.id/products/delicious-bouquet-edp-80-ml
861,"Armaf Oddysey Revolution Ultra Edition 100ml",Armaf,469000.00,100,available,,https://qammarisparfum.id/products/armaf-oddysey-revolution-ultra-edition-100ml
862,"emper Melina For Women",Emper,369000.00,80,available,,https://qammarisparfum.id/products/emper-melina-for-women
863,"Theoreme Pour Homme Edp 90 Ml","Rue Broca By Afnan",359000.00,90,sold_out,,https://qammarisparfum.id/products/theoreme-pour-homme-edp-90-ml
865,"Ahmed Al Maghribi Silk Noir Extrait de Parfum 75ml","Ahmed Al Maghribi",519000.00,75,available,,https://qammarisparfum.id/products/ahmed-al-maghribi-silk-noir-extrait-de-parfum
866,"Reflection 50 ml",mykonos,299000.00,50,available,,https://qammarisparfum.id/products/reflection-50-ml
867,"Burgundy Himself Extrait de Parfum 100 ml",Burgundy,259000.00,100,available,unmapped_note,https://qammarisparfum.id/products/burgundy-himself-extrait-de-parfum-100-ml
868,"Rahasia Edp 50ml Love Petals","Rahasia Fragrance",138000.00,50,sold_out,,https://qammarisparfum.id/products/rahasia-edp-50ml-love-petals
869,"Qammaris Signature Auth Extrait De Parfum 50ml","Qammaris Signature",229000.00,50,available,,https://qammarisparfum.id/products/qammaris-signature-auth-extrait-de-parfum-50ml
870,"Black Opera 100ml",mykonos,253000.00,100,sold_out,identical_notes_not_verified_identity,https://qammarisparfum.id/products/black-opera-100ml
871,"Dreamland 100ML","Bali Surfer",264000.00,100,available,identical_notes_not_verified_identity,https://qammarisparfum.id/products/dreamland-100ml
872,"Ahmed Al Maghribi Bloom Spectrum Edp 100 Ml","Ahmed Al Maghribi",420000.00,100,available,,https://qammarisparfum.id/products/ahmed-al-maghribi-bloom-spectrum-edp-100-ml
873,"Fermo Frag Nairobi",fermo,209000.00,50,available,,https://qammarisparfum.id/products/fermo-frag-nairobi
874,"Ajmal Aurum L Eau De Parfum 75 Ml",Ajmal,469000.00,75,available,,https://qammarisparfum.id/products/ajmal-aurum-l-eau-de-parfum-75-ml
875,"Caramel Fudge Cookie 50ml",mykonos,148000.00,50,sold_out,,https://qammarisparfum.id/products/caramel-fudge-cookie-50ml
876,"Ahmed Hayana Extrait 100ml","Ahmed Al Maghribi",469000.00,100,sold_out,,https://qammarisparfum.id/products/ahmed-hayana-extrait-100ml
877,"Hot Ice Voyage Extrait de Parfum 100 ml",Burgundy,239000.00,100,available,,https://qammarisparfum.id/products/hot-ice-voyage-extrait-de-parfum-100-ml
878,"Rahasia Edp 50 ml Singel Glow","Rahasia Fragrance",139000.00,50,available,,https://qammarisparfum.id/products/rahasia-edp-50-ml-singel-glow
881,"Frag. World Proud Of You SANDALO Edp 100 Ml","Frag. World",245000.00,100,sold_out,,https://qammarisparfum.id/products/frag-world-proud-of-you-sandalo-edp-100-ml
882,"Armaf Odyssey Mega Limited Edition 100ML",Armaf,489000.00,100,available,,https://qammarisparfum.id/products/armaf-odyssey-mega-limited-edition-100ml
883,"Frag. World Liberty Intense Extrait de Parfum 100 Ml","Frag. World",329000.00,100,available,,https://qammarisparfum.id/products/frag-world-liberty-intense-extrait-de-parfum-100-ml
884,"Crusita Famous 50 ML",cruisita,199000.00,50,available,unmapped_note,https://qammarisparfum.id/products/crusita-famous-50-ml
885,"AOERA PRESTIGE 50 ML",Aoera,180000.00,50,sold_out,,https://qammarisparfum.id/products/aoera-prestige-50-ml
886,"BSP Blue Point 37ML Him","Bali Surfer",125000.00,37,sold_out,identical_notes_not_verified_identity,https://qammarisparfum.id/products/bsp-blue-point-37ml-him
887,"Royal Blend Extrait De Parfum 100 Ml","French Avenue",549000.00,100,sold_out,,https://qammarisparfum.id/products/royal-blend-extrait-de-parfum-100-ml
888,"Fattan Pour Homme Edp 50 Ml",Rasasi,269000.00,50,sold_out,,https://qammarisparfum.id/products/fattan-pour-homme-edp-50-ml
889,"Hibiscus Magic Edp 80 Ml","Frag. World",329000.00,80,available,,https://qammarisparfum.id/products/hibiscus-magic-edp-80-ml
890,"Rahasia Edp 50ml Ceremony","Rahasia Fragrance",158000.00,50,available,unmapped_note,https://qammarisparfum.id/products/rahasia-edp-50ml-ceremony
893,"AOERA MAJESTIC 50 ML",Aoera,180000.00,50,available,unmapped_note,https://qammarisparfum.id/products/aoera-majestic-50-ml
898,"Khadlaj Panache Angel Dust Extrait de Parfum 100 Ml",Khadlaj,424000.00,100,available,,https://qammarisparfum.id/products/khadlaj-panache-angel-dust-extrait-de-parfum-100-ml
